INSERT INTO `ProjectZero`.`Privat_Chat` (`id`) VALUES ('1');
INSERT INTO `ProjectZero`.`Privat_Chat` (`id`) VALUES ('2');
INSERT INTO `ProjectZero`.`Privat_Chat` (`id`) VALUES ('3');
INSERT INTO `ProjectZero`.`Privat_Chat` (`id`) VALUES ('4');
INSERT INTO `ProjectZero`.`Privat_Chat` (`id`) VALUES ('5');
INSERT INTO `ProjectZero`.`Privat_Chat` (`id`) VALUES ('6');
INSERT INTO `ProjectZero`.`Privat_Chat` (`id`) VALUES ('7');
INSERT INTO `ProjectZero`.`Privat_Chat` (`id`) VALUES ('8');
INSERT INTO `ProjectZero`.`Privat_Chat` (`id`) VALUES ('9');
INSERT INTO `ProjectZero`.`Privat_Chat` (`id`) VALUES ('10');
INSERT INTO `ProjectZero`.`Privat_Chat` (`id`) VALUES ('11');
INSERT INTO `ProjectZero`.`Privat_Chat` (`id`) VALUES ('12');
INSERT INTO `ProjectZero`.`Privat_Chat` (`id`) VALUES ('13');
INSERT INTO `ProjectZero`.`Privat_Chat` (`id`) VALUES ('14');
INSERT INTO `ProjectZero`.`Privat_Chat` (`id`) VALUES ('15');

INSERT INTO `ProjectZero`.`Chat_Benutzer` (`chat_id`, `benutzer_id`) VALUES ('1', '1');
INSERT INTO `ProjectZero`.`Chat_Benutzer` (`chat_id`, `benutzer_id`) VALUES ('1', '2');
INSERT INTO `ProjectZero`.`Chat_Nachricht` (`chat_id`, `benutzer_id`, `text`) VALUES ('1', '1', 'Hallo');
INSERT INTO `ProjectZero`.`Chat_Nachricht` (`chat_id`, `benutzer_id`, `text`) VALUES ('1', '2', 'Hallo zurück');


INSERT INTO `ProjectZero`.`Chat_Benutzer` (`chat_id`, `benutzer_id`) VALUES ('2', '2');
INSERT INTO `ProjectZero`.`Chat_Benutzer` (`chat_id`, `benutzer_id`) VALUES ('2', '3');
INSERT INTO `ProjectZero`.`Chat_Nachricht` (`chat_id`, `benutzer_id`, `text`) VALUES ('2', '2', 'F**k dich!');
INSERT INTO `ProjectZero`.`Chat_Nachricht` (`chat_id`, `benutzer_id`, `text`) VALUES ('2', '3', 'Darüber macht man keine Witze! Narcissus ist beim Versuch das zu tun gestorben.');


INSERT INTO `ProjectZero`.`Chat_Benutzer` (`chat_id`, `benutzer_id`) VALUES ('3', '3');
INSERT INTO `ProjectZero`.`Chat_Benutzer` (`chat_id`, `benutzer_id`) VALUES ('3', '4');
INSERT INTO `ProjectZero`.`Chat_Nachricht` (`chat_id`, `benutzer_id`, `text`) VALUES ('3', '3', 'Vollkorntoast mit veganer Salami');
INSERT INTO `ProjectZero`.`Chat_Nachricht` (`chat_id`, `benutzer_id`, `text`) VALUES ('3', '4', 'Stellst deine Ernährung um?');
INSERT INTO `ProjectZero`.`Chat_Nachricht` (`chat_id`, `benutzer_id`, `text`) VALUES ('3', '3', 'ich bin ja ein verfechter der theorie, das vegane ernährung die evolution bremst, da gehirne protein brauchen <Kossi> Da die Menschheit eh degeneriert ist das nicht so schlimm');
INSERT INTO `ProjectZero`.`Chat_Nachricht` (`chat_id`, `benutzer_id`, `text`) VALUES ('3', '4', 'ist eine existenz als cyborg vegan?');
INSERT INTO `ProjectZero`.`Chat_Nachricht` (`chat_id`, `benutzer_id`, `text`) VALUES ('3', '3', 'denke schon. solange man pflanzenöl verwendet');


INSERT INTO `ProjectZero`.`Chat_Benutzer` (`chat_id`, `benutzer_id`) VALUES ('4', '4');
INSERT INTO `ProjectZero`.`Chat_Benutzer` (`chat_id`, `benutzer_id`) VALUES ('4', '5');
INSERT INTO `ProjectZero`.`Chat_Nachricht` (`chat_id`, `benutzer_id`, `text`) VALUES ('4', '4', 'Ist als würdest du sagen, dir gefällt Linux nicht.');
INSERT INTO `ProjectZero`.`Chat_Nachricht` (`chat_id`, `benutzer_id`, `text`) VALUES ('4', '5', 'Mir gefällt Linux auch nicht, ich bin dafür zu dumm.');
INSERT INTO `ProjectZero`.`Chat_Nachricht` (`chat_id`, `benutzer_id`, `text`) VALUES ('4', '4', 'Dann musst du dir doch ein Apple Produkt kaufen.');
INSERT INTO `ProjectZero`.`Chat_Nachricht` (`chat_id`, `benutzer_id`, `text`) VALUES ('4', '5', 'Na so dumm bin ich wiederum auch nicht!');


INSERT INTO `ProjectZero`.`Chat_Benutzer` (`chat_id`, `benutzer_id`) VALUES ('5', '5');
INSERT INTO `ProjectZero`.`Chat_Benutzer` (`chat_id`, `benutzer_id`) VALUES ('5', '6');
INSERT INTO `ProjectZero`.`Chat_Nachricht` (`chat_id`, `benutzer_id`, `text`) VALUES ('5', '5', 'Warte mal schnell.');
INSERT INTO `ProjectZero`.`Chat_Nachricht` (`chat_id`, `benutzer_id`, `text`) VALUES ('5', '6', 'Das ergibt doch nur Sinn, wenn ich mich mit annähernd Lichtgeschwindigkeit bewege...');


INSERT INTO `ProjectZero`.`Chat_Benutzer` (`chat_id`, `benutzer_id`) VALUES ('6', '6');
INSERT INTO `ProjectZero`.`Chat_Benutzer` (`chat_id`, `benutzer_id`) VALUES ('6', '7');
INSERT INTO `ProjectZero`.`Chat_Nachricht` (`chat_id`, `benutzer_id`, `text`) VALUES ('6', '6', 'Weißt du was mir Hoffnung macht?');
INSERT INTO `ProjectZero`.`Chat_Nachricht` (`chat_id`, `benutzer_id`, `text`) VALUES ('6', '7', 'Was?');
INSERT INTO `ProjectZero`.`Chat_Nachricht` (`chat_id`, `benutzer_id`, `text`) VALUES ('6', '6', 'Die Hawkingstrahlung!');
INSERT INTO `ProjectZero`.`Chat_Nachricht` (`chat_id`, `benutzer_id`, `text`) VALUES ('6', '7', 'Warum?');
INSERT INTO `ProjectZero`.`Chat_Nachricht` (`chat_id`, `benutzer_id`, `text`) VALUES ('6', '6', 'Wenn sogar schwarze Löcher Ausstrahlung haben sollen...');


INSERT INTO `ProjectZero`.`Chat_Benutzer` (`chat_id`, `benutzer_id`) VALUES ('7', '7');
INSERT INTO `ProjectZero`.`Chat_Benutzer` (`chat_id`, `benutzer_id`) VALUES ('7', '8');
INSERT INTO `ProjectZero`.`Chat_Nachricht` (`chat_id`, `benutzer_id`, `text`) VALUES ('7', '7', 'wo man überall lange verschollene leute wieder findet ....');
INSERT INTO `ProjectZero`.`Chat_Nachricht` (`chat_id`, `benutzer_id`, `text`) VALUES ('7', '8', 'im Garten vergraben?');


INSERT INTO `ProjectZero`.`Chat_Benutzer` (`chat_id`, `benutzer_id`) VALUES ('8', '8');
INSERT INTO `ProjectZero`.`Chat_Benutzer` (`chat_id`, `benutzer_id`) VALUES ('8', '9');
INSERT INTO `ProjectZero`.`Chat_Nachricht` (`chat_id`, `benutzer_id`, `text`) VALUES ('8', '8', 'inner Not frisst der Teufel Fliegen');
INSERT INTO `ProjectZero`.`Chat_Nachricht` (`chat_id`, `benutzer_id`, `text`) VALUES ('8', '9', 'ja aber nur die kleinen obstmücken');


INSERT INTO `ProjectZero`.`Chat_Benutzer` (`chat_id`, `benutzer_id`) VALUES ('9', '9');
INSERT INTO `ProjectZero`.`Chat_Benutzer` (`chat_id`, `benutzer_id`) VALUES ('9', '10');
INSERT INTO `ProjectZero`.`Chat_Nachricht` (`chat_id`, `benutzer_id`, `text`) VALUES ('9', '9', 'Du musst auch alles kommentieren!');
INSERT INTO `ProjectZero`.`Chat_Nachricht` (`chat_id`, `benutzer_id`, `text`) VALUES ('9', '10', 'Dem ist nichts hinzuzufügen...');


INSERT INTO `ProjectZero`.`Chat_Benutzer` (`chat_id`, `benutzer_id`) VALUES ('10', '10');
INSERT INTO `ProjectZero`.`Chat_Benutzer` (`chat_id`, `benutzer_id`) VALUES ('10', '3');
INSERT INTO `ProjectZero`.`Chat_Nachricht` (`chat_id`, `benutzer_id`, `text`) VALUES ('10', '10', 'was man beim Aufräumen alles so findet..');
INSERT INTO `ProjectZero`.`Chat_Nachricht` (`chat_id`, `benutzer_id`, `text`) VALUES ('10', '3', 'die ex?');


INSERT INTO `ProjectZero`.`Chat_Benutzer` (`chat_id`, `benutzer_id`) VALUES ('11', '3');
INSERT INTO `ProjectZero`.`Chat_Benutzer` (`chat_id`, `benutzer_id`) VALUES ('11', '7');
INSERT INTO `ProjectZero`.`Chat_Nachricht` (`chat_id`, `benutzer_id`, `text`) VALUES ('11', '3', 'Der beste Platz für Politiker sind Wahlplakate. Dort sind sie tragbar, geräuschlos und leicht zu entfernen');
INSERT INTO `ProjectZero`.`Chat_Nachricht` (`chat_id`, `benutzer_id`, `text`) VALUES ('11', '7', 'rofl');


INSERT INTO `ProjectZero`.`Chat_Benutzer` (`chat_id`, `benutzer_id`) VALUES ('12', '1');
INSERT INTO `ProjectZero`.`Chat_Benutzer` (`chat_id`, `benutzer_id`) VALUES ('12', '9');
INSERT INTO `ProjectZero`.`Chat_Nachricht` (`chat_id`, `benutzer_id`, `text`) VALUES ('12', '1', 'Star Wars von Disney produziert. Das bedeutet tanzende Stormtrooper und ein singender Darth Vader');
INSERT INTO `ProjectZero`.`Chat_Nachricht` (`chat_id`, `benutzer_id`, `text`) VALUES ('12', '9', 'So schlimm wirds bestimmt nicht. Denk dran, Pulp Fiction ist auch von Disney!');
INSERT INTO `ProjectZero`.`Chat_Nachricht` (`chat_id`, `benutzer_id`, `text`) VALUES ('12', '1', 'Und selbst dort wird gesungen und getanzt!');

INSERT INTO `ProjectZero`.`Chat_Benutzer` (`chat_id`, `benutzer_id`) VALUES ('13', '6');
INSERT INTO `ProjectZero`.`Chat_Benutzer` (`chat_id`, `benutzer_id`) VALUES ('13', '2');
INSERT INTO `ProjectZero`.`Chat_Nachricht` (`chat_id`, `benutzer_id`, `text`) VALUES ('13', '2', 'sonne, schnee, sonne ... wann soll man sich da raustrauen zum heimgehen?');
INSERT INTO `ProjectZero`.`Chat_Nachricht` (`chat_id`, `benutzer_id`, `text`) VALUES ('13', '6', 'August');


INSERT INTO `ProjectZero`.`Chat_Benutzer` (`chat_id`, `benutzer_id`) VALUES ('14', '5');
INSERT INTO `ProjectZero`.`Chat_Benutzer` (`chat_id`, `benutzer_id`) VALUES ('14', '8');
INSERT INTO `ProjectZero`.`Chat_Nachricht` (`chat_id`, `benutzer_id`, `text`) VALUES ('14', '5', 'was codest du eigentlich');
INSERT INTO `ProjectZero`.`Chat_Nachricht` (`chat_id`, `benutzer_id`, `text`) VALUES ('14', '8', 'nen decoder');
INSERT INTO `ProjectZero`.`Chat_Nachricht` (`chat_id`, `benutzer_id`, `text`) VALUES ('14', '5', 'leicht paradox?');


INSERT INTO `ProjectZero`.`Chat_Benutzer` (`chat_id`, `benutzer_id`) VALUES ('15', '7');
INSERT INTO `ProjectZero`.`Chat_Benutzer` (`chat_id`, `benutzer_id`) VALUES ('15', '1');
INSERT INTO `ProjectZero`.`Chat_Nachricht` (`chat_id`, `benutzer_id`, `text`) VALUES ('15', '7', 'Wo ist eigentlich dein Problem?');
INSERT INTO `ProjectZero`.`Chat_Nachricht` (`chat_id`, `benutzer_id`, `text`) VALUES ('15', '1', '30cm vor deinem Bildschirm.');
